layer,ground_truth_prob,top_1_prob,category,prompt_id
0,3.3300284485449083e-06,0.013326321728527546,painters,p_128
1,1.0169891311306856e-06,0.010310596786439419,painters,p_128
2,6.627535071856983e-07,0.03562386333942413,painters,p_128
3,1.0775540886243107e-06,0.00831054151058197,painters,p_128
4,8.081451028374431e-07,0.0069227502681314945,painters,p_128
5,1.221087813974009e-06,0.014062170870602131,painters,p_128
6,3.989890046796063e-06,0.017287936061620712,painters,p_128
7,3.10588148977331e-07,0.026851000264286995,painters,p_128
8,3.4836189115594607e-06,0.03129878267645836,painters,p_128
9,1.7897009456646629e-06,0.021293925121426582,painters,p_128
10,4.409163921081927e-06,0.008745744824409485,painters,p_128
11,9.454795986130193e-07,0.014650175347924232,painters,p_128
12,6.021897661412368e-06,0.02749400958418846,painters,p_128
13,1.9837736999761546e-06,0.030944958329200745,painters,p_128
14,9.707374601930496e-07,0.01197979785501957,painters,p_128
15,1.974802216864191e-06,0.04491910710930824,painters,p_128
16,1.5303387499443488e-06,0.015101720578968525,painters,p_128
17,1.6948151824180968e-06,0.009516042657196522,painters,p_128
18,4.5077317736286204e-06,0.012768869288265705,painters,p_128
19,8.630414413346443e-06,0.011975102126598358,painters,p_128
20,8.143048034980893e-06,0.01843789964914322,painters,p_128
21,7.836199984012637e-06,0.10061583667993546,painters,p_128
22,4.348763468442485e-06,0.20316757261753082,painters,p_128
23,1.6313508240273222e-05,0.1742224097251892,painters,p_128
24,2.9392720534815453e-05,0.07528850436210632,painters,p_128
25,8.26811883598566e-05,0.23986098170280457,painters,p_128
26,6.200760981300846e-05,0.2711900472640991,painters,p_128
27,8.573632658226416e-05,0.16093309223651886,painters,p_128
28,7.990882295416668e-05,0.056390129029750824,painters,p_128
29,6.636580656049773e-05,0.035130590200424194,painters,p_128
30,1.6179978047148325e-05,0.6326984167098999,painters,p_128
31,4.154031557845883e-05,0.13422717154026031,painters,p_128
0,3.618933078541886e-06,0.018798967823386192,painters,p_129
1,4.529916259343736e-05,0.00928508397191763,painters,p_129
2,2.975059715026873e-06,0.00983523204922676,painters,p_129
3,2.453350589348702e-07,0.010079950094223022,painters,p_129
4,4.1787714621932537e-07,0.017923353239893913,painters,p_129
5,2.786121342523984e-07,0.01667860709130764,painters,p_129
6,3.2756217933638254e-06,0.00982533860951662,painters,p_129
7,6.008962714076915e-07,0.02189568616449833,painters,p_129
8,9.906599416353856e-07,0.009054035879671574,painters,p_129
9,5.472177235787967e-07,0.010225676000118256,painters,p_129
10,5.233919182501268e-07,0.014665935188531876,painters,p_129
11,4.968713369635225e-07,0.007616221439093351,painters,p_129
12,6.015271765136276e-07,0.007157325278967619,painters,p_129
13,1.3287484534885152e-06,0.006030514370650053,painters,p_129
14,8.22522622456745e-07,0.012168949469923973,painters,p_129
15,2.5368672140757553e-06,0.01042548194527626,painters,p_129
16,3.5413968362263404e-06,0.017169689759612083,painters,p_129
17,1.4570287021342665e-05,0.010782095603644848,painters,p_129
18,7.160465429478791e-06,0.011861938051879406,painters,p_129
19,8.425704436376691e-07,0.018117716535925865,painters,p_129
20,8.427875854977174e-07,0.01844877190887928,painters,p_129
21,4.716777766589075e-06,0.01586770825088024,painters,p_129
22,3.581072860470158e-06,0.014883470721542835,painters,p_129
23,3.267685542596155e-06,0.018481964245438576,painters,p_129
24,3.1671495435148245e-06,0.03582698851823807,painters,p_129
25,3.8675616451655515e-06,0.015180673450231552,painters,p_129
26,3.6702267607324757e-06,0.009621224366128445,painters,p_129
27,4.8118913582584355e-06,0.03526853770017624,painters,p_129
28,3.832084075838793e-06,0.8093670606613159,painters,p_129
29,4.49285471404437e-06,0.8001688718795776,painters,p_129
30,2.4672721337992698e-05,0.3018868565559387,painters,p_129
31,5.871353278052993e-05,0.18141555786132812,painters,p_129
0,8.185459705600806e-07,0.020104579627513885,painters,p_130
1,1.8197151518961618e-07,0.005712894722819328,painters,p_130
2,1.2512008424891974e-06,0.019388223066926003,painters,p_130
3,3.5293965083837975e-06,0.012707877904176712,painters,p_130
4,4.37754488302744e-06,0.02453695982694626,painters,p_130
5,7.443929348482925e-07,0.059696245938539505,painters,p_130
6,5.810904895042768e-07,0.01861833781003952,painters,p_130
7,7.061907467686979e-07,0.04986153542995453,painters,p_130
8,1.321723175351508e-07,0.031636230647563934,painters,p_130
9,9.393545497005107e-08,0.012765523046255112,painters,p_130
10,7.21160944294752e-08,0.007907901890575886,painters,p_130
11,1.2439200247627014e-07,0.012020776979625225,painters,p_130
12,2.171159394492861e-07,0.02708263136446476,painters,p_130
13,1.0700235719696138e-07,0.014110157266259193,painters,p_130
14,1.0566894559360662e-07,0.013275392353534698,painters,p_130
15,2.8744037194883276e-07,0.0055999490432441235,painters,p_130
16,2.2144695321912877e-07,0.005571999587118626,painters,p_130
17,2.2718090519902034e-07,0.010775411501526833,painters,p_130
18,1.8209149743597663e-07,0.035846270620822906,painters,p_130
19,8.616598279331811e-08,0.012445095926523209,painters,p_130
20,1.992143268125801e-07,0.0133640943095088,painters,p_130
21,1.2335014787367982e-07,0.0230048019438982,painters,p_130
22,3.1564837854602956e-07,0.04787735641002655,painters,p_130
23,5.964249112366815e-07,0.09684335440397263,painters,p_130
24,3.623850091116765e-07,0.5883072018623352,painters,p_130
25,5.304241881276539e-07,0.6005589962005615,painters,p_130
26,7.671781645512965e-07,0.3442613482475281,painters,p_130
27,1.4696294101668173e-06,0.1327941119670868,painters,p_130
28,1.7612859437576844e-06,0.029155107215046883,painters,p_130
29,1.775746909515874e-06,0.03981304541230202,painters,p_130
30,9.401942406839225e-07,0.22066353261470795,painters,p_130
31,1.5157764892137493e-06,0.1313537359237671,painters,p_130
0,2.177049793772312e-07,0.024135155603289604,painters,p_131
1,2.5057917696358345e-07,0.028924468904733658,painters,p_131
2,3.668585790705947e-08,0.020572369918227196,painters,p_131
3,2.866924830868811e-07,0.013169833458960056,painters,p_131
4,3.7098370597732355e-08,0.03141693025827408,painters,p_131
5,2.271910659601417e-08,0.03043384850025177,painters,p_131
6,2.969480874526198e-07,0.018756356090307236,painters,p_131
7,1.3784332395516685e-06,0.014095403254032135,painters,p_131
8,1.1498985941216233e-06,0.015709610655903816,painters,p_131
9,3.185919865700271e-07,0.007829172536730766,painters,p_131
10,1.1161311164187282e-07,0.00949288159608841,painters,p_131
11,2.0122364219332667e-07,0.019892649725079536,painters,p_131
12,1.3559953515596135e-07,0.019710350781679153,painters,p_131
13,9.868406891655468e-08,0.016742577776312828,painters,p_131
14,1.1526834953201615e-07,0.011190944351255894,painters,p_131
15,5.799051905341912e-07,0.005097976420074701,painters,p_131
16,5.695068239219836e-07,0.017150284722447395,painters,p_131
17,1.2307716588111361e-06,0.006828621961176395,painters,p_131
18,2.1126402316440362e-06,0.026386912912130356,painters,p_131
19,1.558961344017007e-06,0.009777684696018696,painters,p_131
20,1.44561386150599e-06,0.013096353970468044,painters,p_131
21,4.87593524667318e-06,0.022078106179833412,painters,p_131
22,5.8089112826564815e-06,0.03884725645184517,painters,p_131
23,5.904989393457072e-06,0.08582127839326859,painters,p_131
24,4.260982677806169e-06,0.07802669703960419,painters,p_131
25,3.766051349884947e-06,0.04963622987270355,painters,p_131
26,2.717627239690046e-06,0.05515698716044426,painters,p_131
27,1.956722826434998e-06,0.22148768603801727,painters,p_131
28,7.699425168539165e-07,0.5690904855728149,painters,p_131
29,5.323566369952459e-07,0.4796580374240875,painters,p_131
30,6.649766959299086e-08,0.9105809926986694,painters,p_131
31,3.9248351413334603e-07,0.33918166160583496,painters,p_131
0,2.5007189833559096e-05,0.012176316231489182,movies,p_132
1,2.5738027034094557e-06,0.008334888145327568,movies,p_132
2,9.487187071499648e-07,0.012394387274980545,movies,p_132
3,1.2995011502425768e-06,0.009391251020133495,movies,p_132
4,2.3589489046571543e-06,0.012834634631872177,movies,p_132
5,2.1584608589364507e-07,0.012271109037101269,movies,p_132
6,3.382131126272725e-07,0.012347819283604622,movies,p_132
7,5.562590388308308e-08,0.023124177008867264,movies,p_132
8,4.1088288327273403e-08,0.021182922646403313,movies,p_132
9,1.0546835937930155e-07,0.012512185610830784,movies,p_132
10,1.8641242149897153e-07,0.019678950309753418,movies,p_132
11,7.268026536166872e-08,0.0162905752658844,movies,p_132
12,1.9952911145537655e-07,0.020975375548005104,movies,p_132
13,1.160673036793014e-06,0.02002459019422531,movies,p_132
14,1.3768197959507233e-06,0.018243590369820595,movies,p_132
15,1.5787729807925643e-06,0.009355045855045319,movies,p_132
16,2.2435954178945394e-06,0.016194555908441544,movies,p_132
17,1.967475782294059e-06,0.01371371652930975,movies,p_132
18,8.740008183849568e-07,0.009312008507549763,movies,p_132
19,8.073718618106795e-07,0.006225882098078728,movies,p_132
20,5.250452090876934e-07,0.007016722112894058,movies,p_132
21,7.404671578115085e-07,0.03214719519019127,movies,p_132
22,4.046031790494453e-06,0.0300887580960989,movies,p_132
23,3.213481022612541e-06,0.07832712680101395,movies,p_132
24,7.867717613407876e-06,0.10002753138542175,movies,p_132
25,1.5779487512190826e-05,0.11412394791841507,movies,p_132
26,3.292705150670372e-05,0.05912536382675171,movies,p_132
27,4.539016663329676e-05,0.2544555962085724,movies,p_132
28,1.3409510302153649e-06,0.5537261962890625,movies,p_132
29,1.862717454059748e-06,0.48051396012306213,movies,p_132
30,4.177774826530367e-06,0.8531994223594666,movies,p_132
31,1.405273906129878e-05,0.3371427655220032,movies,p_132
0,2.7150524601893267e-06,0.014289923012256622,movies,p_133
1,1.070911002898356e-05,0.014562367461621761,movies,p_133
2,4.012256340502063e-06,0.008638662286102772,movies,p_133
3,1.4528865222018794e-06,0.011088674888014793,movies,p_133
4,1.6435225234090467e-06,0.006996111944317818,movies,p_133
5,1.9363703813723987e-06,0.011702598072588444,movies,p_133
6,5.100678208691534e-06,0.02236761339008808,movies,p_133
7,1.4477511740551563e-06,0.010723658837378025,movies,p_133
8,2.110871264449088e-06,0.2109936773777008,movies,p_133
9,1.4014827911523753e-06,0.05949634686112404,movies,p_133
10,6.041769665898755e-06,0.01834794133901596,movies,p_133
11,3.4474273888918106e-06,0.02371790073812008,movies,p_133
12,2.181475110774045e-06,0.016975775361061096,movies,p_133
13,3.910635768988868e-06,0.012107066810131073,movies,p_133
14,2.5996669137384742e-06,0.015009604394435883,movies,p_133
15,6.3425600274058525e-06,0.025361811742186546,movies,p_133
16,7.174136953835841e-06,0.013415804132819176,movies,p_133
17,6.416291853383882e-06,0.016645215451717377,movies,p_133
18,1.0264400771120563e-05,0.01046382449567318,movies,p_133
19,3.4251686884090304e-05,0.0072003379464149475,movies,p_133
20,3.4941895137308165e-05,0.011839330196380615,movies,p_133
21,2.9607906981254928e-05,0.008399497717618942,movies,p_133
22,0.00010925204696832225,0.020440412685275078,movies,p_133
23,0.00011570165952434763,0.019598355516791344,movies,p_133
24,0.00010793634282890707,0.02059077098965645,movies,p_133
25,7.166343129938468e-05,0.048350315541028976,movies,p_133
26,3.919032315025106e-05,0.02507251501083374,movies,p_133
27,2.1841702618985437e-05,0.015850918367505074,movies,p_133
28,1.363883256999543e-05,0.09914375096559525,movies,p_133
29,1.5576413716189563e-05,0.10347422957420349,movies,p_133
30,2.6427260308992118e-06,0.11504314094781876,movies,p_133
31,4.711257872713759e-07,0.14404502511024475,movies,p_133
0,2.2383670511771925e-05,0.008707902394235134,movies,p_134
1,1.249890942744969e-06,0.011067656800150871,movies,p_134
2,1.1055618642785703e-06,0.020050745457410812,movies,p_134
3,4.5393642267299583e-07,0.019197935238480568,movies,p_134
4,1.2980714245713898e-06,0.041118185967206955,movies,p_134
5,4.71998447437727e-07,0.012735821306705475,movies,p_134
6,4.6291052058222704e-07,0.013849048875272274,movies,p_134
7,1.1142839184685727e-07,0.009254285134375095,movies,p_134
8,1.5273849385266658e-07,0.015010754577815533,movies,p_134
9,7.715089509474637e-07,0.014409233815968037,movies,p_134
10,2.753550916168024e-06,0.030242448672652245,movies,p_134
11,5.770889970335702e-07,0.03246911242604256,movies,p_134
12,8.185170941032993e-07,0.014789464883506298,movies,p_134
13,1.3709275208384497e-06,0.01606886275112629,movies,p_134
14,2.7867945391335525e-06,0.021278640255331993,movies,p_134
15,6.270587391554727e-07,0.024781789630651474,movies,p_134
16,1.5500470453844173e-06,0.013713130727410316,movies,p_134
17,1.3973873365102918e-06,0.01693887636065483,movies,p_134
18,6.643129495387257e-07,0.014721459709107876,movies,p_134
19,8.894639336176624e-07,0.00981720071285963,movies,p_134
20,9.345621378997748e-07,0.020646540448069572,movies,p_134
21,2.0835539089603117e-06,0.009930203668773174,movies,p_134
22,1.2003386473224964e-05,0.013837729580700397,movies,p_134
23,1.8447108232066967e-05,0.009857546538114548,movies,p_134
24,7.264037412824109e-05,0.014397185295820236,movies,p_134
25,0.00038633745862171054,0.012378152459859848,movies,p_134
26,0.000591048039495945,0.011901050806045532,movies,p_134
27,0.0011955528752878308,0.006399132777005434,movies,p_134
28,0.0002992855734191835,0.21142561733722687,movies,p_134
29,0.0006629764684475958,0.06821175664663315,movies,p_134
30,0.0007696835673414171,0.15939836204051971,movies,p_134
31,8.453402551822364e-05,0.1002078726887703,movies,p_134
0,1.852298396443075e-06,0.013114775530993938,movies,p_135
1,5.197765631237417e-07,0.02554536610841751,movies,p_135
2,1.835852891929335e-08,0.02114846371114254,movies,p_135
3,1.4220711719303836e-08,0.009283391758799553,movies,p_135
4,4.357464167270564e-09,0.05446325242519379,movies,p_135
5,1.3721693115087419e-08,0.024530788883566856,movies,p_135
6,2.0429213520856138e-07,0.01083113718777895,movies,p_135
7,2.0041407822191104e-07,0.013782821595668793,movies,p_135
8,1.8448039327267907e-06,0.02204844355583191,movies,p_135
9,2.0391908037709072e-06,0.02206595055758953,movies,p_135
10,1.6215287814702606e-06,0.016590677201747894,movies,p_135
11,1.1919468079213402e-06,0.007774007972329855,movies,p_135
12,1.4671472854388412e-06,0.012758485041558743,movies,p_135
13,7.282740170921898e-07,0.006599473766982555,movies,p_135
14,3.9653873500355985e-06,0.016971265897154808,movies,p_135
15,6.099439815443475e-06,0.010196790099143982,movies,p_135
16,1.3313853060026304e-06,0.006418553646653891,movies,p_135
17,7.48359252611408e-06,0.01749109849333763,movies,p_135
18,8.176600204023998e-06,0.008400035090744495,movies,p_135
19,7.079207080096239e-06,0.00516720162704587,movies,p_135
20,4.631697265722323e-06,0.010886800475418568,movies,p_135
21,5.450674962048652e-06,0.007507781032472849,movies,p_135
22,3.5848652260028757e-06,0.007890627719461918,movies,p_135
23,4.577661002258537e-06,0.012997684068977833,movies,p_135
24,4.995262315787841e-06,0.01951821893453598,movies,p_135
25,5.681816219293978e-06,0.017337752506136894,movies,p_135
26,8.27998883323744e-06,0.009565511718392372,movies,p_135
27,7.729452590865549e-06,0.018947783857584,movies,p_135
28,3.4216902804473648e-06,0.025217987596988678,movies,p_135
29,4.179457846475998e-06,0.044736236333847046,movies,p_135
30,2.9109893148415722e-05,0.15137067437171936,movies,p_135
31,5.9723001868405845e-06,0.12317613512277603,movies,p_135
0,2.0012585082440637e-06,0.012474375776946545,movies,p_136
1,2.305585439899005e-06,0.006896733306348324,movies,p_136
2,1.3818547586197383e-06,0.028800658881664276,movies,p_136
3,7.507987902499735e-07,0.008483044803142548,movies,p_136
4,1.2413236163411057e-06,0.014969968236982822,movies,p_136
5,2.6742275167634944e-06,0.03471404314041138,movies,p_136
6,1.2950176824233495e-05,0.017907457426190376,movies,p_136
7,8.483073543175124e-06,0.022285286337137222,movies,p_136
8,1.017930935631739e-05,0.009555606171488762,movies,p_136
9,5.319708634488052e-06,0.021303944289684296,movies,p_136
10,3.635774419308291e-06,0.015288793481886387,movies,p_136
11,4.674340061683324e-07,0.03186913579702377,movies,p_136
12,2.41538327827584e-06,0.018978895619511604,movies,p_136
13,5.430411874840502e-06,0.01210216898471117,movies,p_136
14,4.1748162402655e-06,0.02506578527390957,movies,p_136
15,1.0355050108046271e-05,0.018094217404723167,movies,p_136
16,7.280550562427379e-06,0.026001131162047386,movies,p_136
17,2.6434850042278413e-06,0.007379576098173857,movies,p_136
18,7.041886419756338e-06,0.011642367579042912,movies,p_136
19,2.5754206944839098e-06,0.009059866890311241,movies,p_136
20,1.608065076652565e-06,0.009800962172448635,movies,p_136
21,3.620475581556093e-06,0.024711430072784424,movies,p_136
22,4.830529178434517e-06,0.03620477765798569,movies,p_136
23,3.134167627649731e-06,0.055831413716077805,movies,p_136
24,3.62405990017578e-06,0.045136455446481705,movies,p_136
25,4.2340880099800415e-06,0.06055128946900368,movies,p_136
26,9.969199709303211e-06,0.035911478102207184,movies,p_136
27,1.0015092811954673e-05,0.096980981528759,movies,p_136
28,3.963630774705962e-07,0.4760836958885193,movies,p_136
29,9.86520831247617e-07,0.5618197917938232,movies,p_136
30,2.5331185042887228e-06,0.5261034965515137,movies,p_136
31,6.673185453109909e-07,0.21364247798919678,movies,p_136
0,8.677304208504211e-07,0.012474375776946545,movies,p_137
1,1.5872660696913954e-06,0.006896733306348324,movies,p_137
2,1.3889006140743732e-06,0.028800658881664276,movies,p_137
3,2.486885080088541e-07,0.008483044803142548,movies,p_137
4,3.819662879323005e-07,0.014969968236982822,movies,p_137
5,1.9869956702223135e-07,0.03471404314041138,movies,p_137
6,2.9280576541168557e-07,0.017907457426190376,movies,p_137
7,4.3922267423113226e-07,0.022285286337137222,movies,p_137
8,1.1242194659644156e-06,0.009555606171488762,movies,p_137
9,2.037307922364562e-06,0.021303944289684296,movies,p_137
10,1.5310574781324249e-06,0.015288793481886387,movies,p_137
11,1.9311512460262747e-06,0.03186913579702377,movies,p_137
12,1.2056461855536327e-06,0.018978895619511604,movies,p_137
13,2.5955960154533386e-06,0.01210216898471117,movies,p_137
14,7.219045073725283e-06,0.02506578527390957,movies,p_137
15,4.007308234577067e-06,0.018094217404723167,movies,p_137
16,8.968139013632026e-07,0.026001131162047386,movies,p_137
17,1.0668585446182988e-06,0.007379576098173857,movies,p_137
18,6.494918807220529e-07,0.011642367579042912,movies,p_137
19,4.457693876247504e-07,0.009059866890311241,movies,p_137
20,4.740411441161996e-07,0.009800962172448635,movies,p_137
21,4.713542693934869e-07,0.024711430072784424,movies,p_137
22,1.4414346196645056e-06,0.03620477765798569,movies,p_137
23,1.3833206367053208e-06,0.055831413716077805,movies,p_137
24,1.8666273717826698e-06,0.045136455446481705,movies,p_137
25,1.2325613170105498e-06,0.06055128946900368,movies,p_137
26,2.7508217499416787e-06,0.035911478102207184,movies,p_137
27,3.1136969482759014e-06,0.096980981528759,movies,p_137
28,4.3951581574219745e-07,0.4760836958885193,movies,p_137
29,5.775850127065496e-07,0.5618197917938232,movies,p_137
30,1.8630625220339425e-07,0.5261034965515137,movies,p_137
31,6.2724388953938615e-06,0.21364247798919678,movies,p_137
0,6.991083978391543e-07,0.011647792533040047,movies,p_138
1,1.4139052382233785e-06,0.027720358222723007,movies,p_138
2,3.570648914319463e-07,0.014584937132894993,movies,p_138
3,2.4513786911484203e-07,0.02027926780283451,movies,p_138
4,5.30592888026149e-06,0.02562791481614113,movies,p_138
5,2.173715756725869e-06,0.009023599326610565,movies,p_138
6,3.153167256186862e-07,0.008533826097846031,movies,p_138
7,2.333185420866357e-06,0.012219511903822422,movies,p_138
8,1.004324644782173e-06,0.010845327749848366,movies,p_138
9,2.5422875751246465e-06,0.011629479005932808,movies,p_138
10,4.5458609321258336e-08,0.01632038690149784,movies,p_138
11,1.3288178024595254e-07,0.019862260669469833,movies,p_138
12,5.3761130658358525e-08,0.01357993483543396,movies,p_138
13,1.8124036671451904e-07,0.027606263756752014,movies,p_138
14,3.4583013075462077e-07,0.021311962977051735,movies,p_138
15,2.238622158756698e-07,0.008233676664531231,movies,p_138
16,4.8463860480296717e-08,0.007093440741300583,movies,p_138
17,4.129544208808511e-07,0.02668667957186699,movies,p_138
18,1.702440641793146e-07,0.014422541484236717,movies,p_138
19,3.7196079460954934e-07,0.025477886199951172,movies,p_138
20,1.0792065268105944e-06,0.013979990035295486,movies,p_138
21,8.223996132983302e-07,0.013140982948243618,movies,p_138
22,8.346526101377094e-07,0.06853900104761124,movies,p_138
23,2.1086575543449726e-06,0.06895775347948074,movies,p_138
24,3.4547488212410826e-06,0.03122490458190441,movies,p_138
25,3.7519264424190624e-06,0.04842807725071907,movies,p_138
26,3.776508265218581e-06,0.014648805372416973,movies,p_138
27,5.659796897816705e-06,0.04799140617251396,movies,p_138
28,2.0521845272014616e-06,0.33244985342025757,movies,p_138
29,6.5382914726797026e-06,0.48968684673309326,movies,p_138
30,4.5401891838992015e-05,0.585329532623291,movies,p_138
31,2.225848220405169e-05,0.21187244355678558,movies,p_138
0,1.925102651512134e-06,0.009512017481029034,movies,p_139
1,1.2451233715182752e-06,0.022200558334589005,movies,p_139
2,4.272285877959803e-06,0.019430607557296753,movies,p_139
3,2.260756809846498e-05,0.01143242884427309,movies,p_139
4,3.397860928089358e-05,0.010069325566291809,movies,p_139
5,2.312433935003355e-06,0.0207620020955801,movies,p_139
6,1.6020206885514199e-06,0.01103083323687315,movies,p_139
7,4.640702627511928e-06,0.019040413200855255,movies,p_139
8,7.386321954072628e-07,0.011155758984386921,movies,p_139
9,8.078603741523693e-07,0.013068078085780144,movies,p_139
10,5.173171757633099e-07,0.01233997754752636,movies,p_139
11,7.915460287222231e-08,0.008145556785166264,movies,p_139
12,1.0692085652408423e-06,0.023277485743165016,movies,p_139
13,3.203996357115102e-06,0.014110343530774117,movies,p_139
14,2.373538109168294e-06,0.024690309539437294,movies,p_139
15,2.9561499559349613e-06,0.008646192960441113,movies,p_139
16,9.758902024259442e-07,0.015107262879610062,movies,p_139
17,5.740795927522413e-07,0.02344909869134426,movies,p_139
18,1.6039942352108483e-07,0.018120039254426956,movies,p_139
19,4.4938676069250505e-07,0.010451626032590866,movies,p_139
20,3.1943048384164285e-07,0.01894948072731495,movies,p_139
21,2.7513931399880676e-07,0.011523308232426643,movies,p_139
22,3.1672936984250555e-07,0.030267052352428436,movies,p_139
23,5.246425303084834e-07,0.030460085719823837,movies,p_139
24,3.530098240389634e-07,0.011923152953386307,movies,p_139
25,4.695708355484385e-07,0.0166840348392725,movies,p_139
26,2.7031254035136953e-07,0.008099464699625969,movies,p_139
27,3.0544231321982807e-07,0.00731649762019515,movies,p_139
28,5.969853873466491e-07,0.010496723465621471,movies,p_139
29,4.899472401120875e-07,0.007545046042650938,movies,p_139
30,2.1264548877297784e-07,0.03502564877271652,movies,p_139
31,1.3657707853553802e-08,0.2765074670314789,movies,p_139
0,1.813710514397826e-05,0.018597057089209557,movies,p_140
1,1.3811894632453914e-06,0.013230960816144943,movies,p_140
2,4.4112234718340915e-06,0.011778990738093853,movies,p_140
3,1.8483721078155213e-06,0.017728829756379128,movies,p_140
4,5.575439899985213e-06,0.013143504969775677,movies,p_140
5,5.9475050875335e-06,0.012701703235507011,movies,p_140
6,2.9229963729449082e-06,0.012426159344613552,movies,p_140
7,4.565849565096869e-07,0.0217942763119936,movies,p_140
8,1.2958150819031289e-06,0.022663716226816177,movies,p_140
9,1.059232772604446e-06,0.027870021760463715,movies,p_140
10,3.0091619009908754e-06,0.08460421115159988,movies,p_140
11,4.842507223656867e-06,0.025110647082328796,movies,p_140
12,1.2046503798046615e-05,0.01698465831577778,movies,p_140
13,2.9617171094287187e-05,0.02012190781533718,movies,p_140
14,4.8039251851150766e-05,0.007477241102606058,movies,p_140
15,2.3893491743365303e-05,0.019522113725543022,movies,p_140
16,2.098500544889248e-06,0.011259987019002438,movies,p_140
17,2.0109098386456026e-06,0.008455906994640827,movies,p_140
18,6.549417435053329e-07,0.005225527100265026,movies,p_140
19,6.059264023861033e-07,0.009049777872860432,movies,p_140
20,4.654348231269978e-07,0.015851179137825966,movies,p_140
21,1.3181345366319874e-06,0.022197190672159195,movies,p_140
22,3.2544533041800605e-06,0.04773019254207611,movies,p_140
23,2.7901771773031214e-06,0.05892464146018028,movies,p_140
24,4.37993048763019e-06,0.05123584344983101,movies,p_140
25,2.5873612685245462e-05,0.04990728572010994,movies,p_140
26,5.3144918638281524e-05,0.041214048862457275,movies,p_140
27,3.5678753192769364e-05,0.28955769538879395,movies,p_140
28,7.978134817676619e-06,0.4752820134162903,movies,p_140
29,5.256308213574812e-06,0.4866674542427063,movies,p_140
30,1.8762841136776842e-05,0.8365697860717773,movies,p_140
31,5.1711598644033074e-05,0.35555073618888855,movies,p_140
0,2.376578595431056e-05,0.014584220014512539,movies,p_141
1,5.603174940915778e-06,0.017135556787252426,movies,p_141
2,1.0928617939498508e-06,0.009529957547783852,movies,p_141
3,3.72211798094213e-06,0.02255474403500557,movies,p_141
4,2.5338171326438896e-05,0.009342730045318604,movies,p_141
5,1.6944945855357219e-06,0.011347454972565174,movies,p_141
6,7.614098649355583e-06,0.010573453269898891,movies,p_141
7,6.037622028998157e-07,0.05977999418973923,movies,p_141
8,2.888594735850347e-06,0.01248840894550085,movies,p_141
9,6.376417786668753e-06,0.01742158830165863,movies,p_141
10,1.5233537851599976e-05,0.04926653951406479,movies,p_141
11,3.328139428049326e-05,0.015785763040184975,movies,p_141
12,3.482045713099069e-06,0.019411006942391396,movies,p_141
13,1.5882392290222924e-06,0.01593593694269657,movies,p_141
14,9.802328122532344e-07,0.014189586974680424,movies,p_141
15,2.2104700292402413e-07,0.0321354977786541,movies,p_141
16,1.2195243925816612e-06,0.03578821197152138,movies,p_141
17,3.9098058550735004e-06,0.035374682396650314,movies,p_141
18,2.8552560706884833e-06,0.010951888747513294,movies,p_141
19,2.8878637294837972e-06,0.042788438498973846,movies,p_141
20,4.227216777508147e-06,0.04162287339568138,movies,p_141
21,3.4598776892380556e-06,0.08695578575134277,movies,p_141
22,3.382895101822214e-06,0.09707463532686234,movies,p_141
23,4.9595437303651124e-06,0.05386194959282875,movies,p_141
24,6.008054242556682e-06,0.03887409344315529,movies,p_141
25,9.455309850636695e-07,0.013360169716179371,movies,p_141
26,2.3086672626959626e-06,0.011800373904407024,movies,p_141
27,3.0146838980726898e-06,0.027287662029266357,movies,p_141
28,2.0623847376555204e-06,0.041776541620492935,movies,p_141
29,5.7425072554906365e-06,0.06686165183782578,movies,p_141
30,3.655212140074582e-06,0.1516457200050354,movies,p_141
31,4.64428421764751e-06,0.10413677245378494,movies,p_141
0,2.164731768061756e-06,0.01656993106007576,movies,p_142
1,1.6359382470909622e-07,0.013624094426631927,movies,p_142
2,1.2082659317513844e-08,0.018182577565312386,movies,p_142
3,1.8133626156213722e-08,0.009578251279890537,movies,p_142
4,3.9640391946704767e-07,0.012614930979907513,movies,p_142
5,2.849791655989975e-07,0.021012820303440094,movies,p_142
6,2.0255006347724702e-06,0.026181448251008987,movies,p_142
7,1.9289057036075974e-06,0.03001578524708748,movies,p_142
8,5.057950147602241e-07,0.0062813241966068745,movies,p_142
9,8.233227504206297e-07,0.027034001424908638,movies,p_142
10,2.8474346436269116e-06,0.018706822767853737,movies,p_142
11,1.3289339051425486e-07,0.02624579332768917,movies,p_142
12,8.090889025424985e-08,0.012677977792918682,movies,p_142
13,3.6360347621666733e-07,0.01007423922419548,movies,p_142
14,3.1910181519378966e-07,0.006103210151195526,movies,p_142
15,3.5237644624430686e-07,0.009379426948726177,movies,p_142
16,3.2645587566548784e-07,0.009709537960588932,movies,p_142
17,9.38903554015269e-07,0.012948556803166866,movies,p_142
18,1.1848412668769015e-06,0.005965318065136671,movies,p_142
19,5.134666594130977e-07,0.00462418282404542,movies,p_142
20,2.2471678562396846e-07,0.01707923412322998,movies,p_142
21,6.828691425653233e-07,0.03210872784256935,movies,p_142
22,8.353340490430128e-07,0.12148205190896988,movies,p_142
23,3.5866213465851615e-07,0.6666171550750732,movies,p_142
24,3.102377093000541e-07,0.5318626165390015,movies,p_142
25,1.6773267930147995e-07,0.6804028749465942,movies,p_142
26,5.322114020600566e-07,0.42246586084365845,movies,p_142
27,6.842349193902919e-07,0.318250447511673,movies,p_142
28,1.5869311482674675e-06,0.19756394624710083,movies,p_142
29,7.83146901994769e-07,0.3329044580459595,movies,p_142
30,1.4621548416471342e-06,0.25311389565467834,movies,p_142
31,4.9275772653345484e-06,0.08405129611492157,movies,p_142
0,2.997332103404915e-06,0.01656993106007576,movies,p_143
1,2.010104708460858e-06,0.013624094426631927,movies,p_143
2,1.0133444448001683e-06,0.018182577565312386,movies,p_143
3,4.140438704780536e-06,0.009578251279890537,movies,p_143
4,7.036005627014674e-07,0.012614930979907513,movies,p_143
5,1.1808465387730394e-06,0.021012820303440094,movies,p_143
6,1.9797170125457342e-07,0.026181448251008987,movies,p_143
7,1.1776161272791796e-06,0.03001578524708748,movies,p_143
8,1.5572613847325556e-06,0.0062813241966068745,movies,p_143
9,7.884143542469246e-07,0.027034001424908638,movies,p_143
10,2.2021324639354134e-06,0.018706822767853737,movies,p_143
11,1.1289357644272968e-06,0.02624579332768917,movies,p_143
12,2.440287971694488e-06,0.012677977792918682,movies,p_143
13,5.737221613344445e-07,0.01007423922419548,movies,p_143
14,6.824822094131378e-07,0.006103210151195526,movies,p_143
15,1.864391379058361e-06,0.009379426948726177,movies,p_143
16,2.5549600195517996e-06,0.009709537960588932,movies,p_143
17,2.8697861580440076e-06,0.012948556803166866,movies,p_143
18,1.8274738522450207e-06,0.005965318065136671,movies,p_143
19,1.6798306887721992e-06,0.00462418282404542,movies,p_143
20,1.6257548622888862e-06,0.01707923412322998,movies,p_143
21,1.8316280829822063e-06,0.03210872784256935,movies,p_143
22,2.181272975576576e-06,0.12148205190896988,movies,p_143
23,8.117654033412691e-07,0.6666171550750732,movies,p_143
24,1.1473317726995447e-06,0.5318626165390015,movies,p_143
25,5.854892606294015e-07,0.6804028749465942,movies,p_143
26,9.036477308654867e-07,0.42246586084365845,movies,p_143
27,1.8756253439278225e-06,0.318250447511673,movies,p_143
28,1.623718389964779e-06,0.19756394624710083,movies,p_143
29,4.7055431195985875e-07,0.3329044580459595,movies,p_143
30,2.258455964465611e-07,0.25311389565467834,movies,p_143
31,1.4002804391566315e-06,0.08405129611492157,movies,p_143
0,1.1129066024295753e-06,0.01656993106007576,movies,p_144
1,1.3326373391464585e-06,0.013624094426631927,movies,p_144
2,2.4093120387647105e-08,0.018182577565312386,movies,p_144
3,1.0075818579480256e-07,0.009578251279890537,movies,p_144
4,1.6471857406941126e-06,0.012614930979907513,movies,p_144
5,2.241062475150102e-06,0.021012820303440094,movies,p_144
6,2.3341465293924557e-06,0.026181448251008987,movies,p_144
7,5.089706064609345e-06,0.03001578524708748,movies,p_144
8,3.1167928682407364e-06,0.0062813241966068745,movies,p_144
9,4.91611808683956e-06,0.027034001424908638,movies,p_144
10,7.426232514262665e-06,0.018706822767853737,movies,p_144
11,4.4617476646635623e-07,0.02624579332768917,movies,p_144
12,3.148385019358102e-07,0.012677977792918682,movies,p_144
13,5.740866981795989e-07,0.01007423922419548,movies,p_144
14,4.641057955723227e-07,0.006103210151195526,movies,p_144
15,3.5458791103337717e-07,0.009379426948726177,movies,p_144
16,9.24540159985554e-08,0.009709537960588932,movies,p_144
17,1.5477510260097915e-06,0.012948556803166866,movies,p_144
18,6.283371021709172e-06,0.005965318065136671,movies,p_144
19,3.2485163501405623e-06,0.00462418282404542,movies,p_144
20,2.4285156996484147e-06,0.01707923412322998,movies,p_144
21,3.0952544420870254e-06,0.03210872784256935,movies,p_144
22,1.4228969575924566e-06,0.12148205190896988,movies,p_144
23,1.7867808992377832e-06,0.6666171550750732,movies,p_144
24,1.8791662341755e-06,0.5318626165390015,movies,p_144
25,2.364285819567158e-06,0.6804028749465942,movies,p_144
26,6.359111466736067e-06,0.42246586084365845,movies,p_144
27,6.7670234784600325e-06,0.318250447511673,movies,p_144
28,1.0075279533339199e-05,0.19756394624710083,movies,p_144
29,9.789539035409689e-06,0.3329044580459595,movies,p_144
30,1.8859078409150243e-05,0.25311389565467834,movies,p_144
31,2.361768201808445e-05,0.08405129611492157,movies,p_144
0,1.3375392882153392e-07,0.01656993106007576,movies,p_145
1,5.984601898489927e-07,0.013624094426631927,movies,p_145
2,1.4604077023250284e-06,0.018182577565312386,movies,p_145
3,2.627642288643983e-06,0.009578251279890537,movies,p_145
4,7.526701324422902e-07,0.012614930979907513,movies,p_145
5,1.2938734244016814e-06,0.021012820303440094,movies,p_145
6,6.242700578695803e-08,0.026181448251008987,movies,p_145
7,2.435707529002684e-07,0.03001578524708748,movies,p_145
8,1.280641583889519e-07,0.0062813241966068745,movies,p_145
9,1.8542267810062185e-07,0.027034001424908638,movies,p_145
10,7.331888127737329e-07,0.018706822767853737,movies,p_145
11,5.794649950985331e-07,0.02624579332768917,movies,p_145
12,2.7306477932143025e-06,0.012677977792918682,movies,p_145
13,3.6559267755365e-06,0.01007423922419548,movies,p_145
14,9.784263056644704e-06,0.006103210151195526,movies,p_145
15,1.1270617505942937e-05,0.009379426948726177,movies,p_145
16,5.4832185014674906e-06,0.009709537960588932,movies,p_145
17,8.65431775309844e-06,0.012948556803166866,movies,p_145
18,7.565849955426529e-06,0.005965318065136671,movies,p_145
19,4.7072178858798e-05,0.00462418282404542,movies,p_145
20,9.114472777582705e-05,0.01707923412322998,movies,p_145
21,0.00018670431745704263,0.03210872784256935,movies,p_145
22,0.00010847554949577898,0.12148205190896988,movies,p_145
23,4.604303103405982e-05,0.6666171550750732,movies,p_145
24,4.9024587497115135e-05,0.5318626165390015,movies,p_145
25,1.4172827832226176e-05,0.6804028749465942,movies,p_145
26,1.9250453988206573e-05,0.42246586084365845,movies,p_145
27,2.3524456992163323e-05,0.318250447511673,movies,p_145
28,8.704464562470093e-06,0.19756394624710083,movies,p_145
29,1.751675154082477e-05,0.3329044580459595,movies,p_145
30,1.8092856407747604e-05,0.25311389565467834,movies,p_145
31,1.9718854673556052e-06,0.08405129611492157,movies,p_145
0,2.175261215597857e-06,0.01656993106007576,movies,p_146
1,3.0304229881039646e-07,0.013624094426631927,movies,p_146
2,2.333100752593964e-07,0.018182577565312386,movies,p_146
3,2.735303496592678e-06,0.009578251279890537,movies,p_146
4,2.808539818488498e-07,0.012614930979907513,movies,p_146
5,7.068823606459773e-07,0.021012820303440094,movies,p_146
6,7.303675033654144e-07,0.026181448251008987,movies,p_146
7,1.1433085091994144e-06,0.03001578524708748,movies,p_146
8,6.335190505524224e-07,0.0062813241966068745,movies,p_146
9,1.338570285724927e-07,0.027034001424908638,movies,p_146
10,1.3302424406447244e-07,0.018706822767853737,movies,p_146
11,1.2462633947052382e-07,0.02624579332768917,movies,p_146
12,7.733002860277338e-08,0.012677977792918682,movies,p_146
13,1.0229015856566548e-07,0.01007423922419548,movies,p_146
14,2.2779843789066945e-08,0.006103210151195526,movies,p_146
15,1.883431011151515e-08,0.009379426948726177,movies,p_146
16,3.088955224939127e-08,0.009709537960588932,movies,p_146
17,1.0215176615702148e-07,0.012948556803166866,movies,p_146
18,4.709232115374107e-08,0.005965318065136671,movies,p_146
19,5.322936758034302e-08,0.00462418282404542,movies,p_146
20,1.325552148045972e-07,0.01707923412322998,movies,p_146
21,1.4505552314858505e-07,0.03210872784256935,movies,p_146
22,1.2578433938870148e-07,0.12148205190896988,movies,p_146
23,7.88197027645765e-08,0.6666171550750732,movies,p_146
24,1.4214761279163213e-07,0.5318626165390015,movies,p_146
25,1.7057081436178123e-07,0.6804028749465942,movies,p_146
26,7.076299652908347e-07,0.42246586084365845,movies,p_146
27,1.184842290058441e-06,0.318250447511673,movies,p_146
28,2.278916042541823e-07,0.19756394624710083,movies,p_146
29,4.5596860331897915e-07,0.3329044580459595,movies,p_146
30,4.541282976333605e-07,0.25311389565467834,movies,p_146
31,1.9496853838063544e-06,0.08405129611492157,movies,p_146
0,1.1129066024295753e-06,0.01656993106007576,movies,p_147
1,1.3326373391464585e-06,0.013624094426631927,movies,p_147
2,2.4093120387647105e-08,0.018182577565312386,movies,p_147
3,1.0075818579480256e-07,0.009578251279890537,movies,p_147
4,1.6471857406941126e-06,0.012614930979907513,movies,p_147
5,2.241062475150102e-06,0.021012820303440094,movies,p_147
6,2.3341465293924557e-06,0.026181448251008987,movies,p_147
7,5.089706064609345e-06,0.03001578524708748,movies,p_147
8,3.1167928682407364e-06,0.0062813241966068745,movies,p_147
9,4.91611808683956e-06,0.027034001424908638,movies,p_147
10,7.426232514262665e-06,0.018706822767853737,movies,p_147
11,4.4617476646635623e-07,0.02624579332768917,movies,p_147
12,3.148385019358102e-07,0.012677977792918682,movies,p_147
13,5.740866981795989e-07,0.01007423922419548,movies,p_147
14,4.641057955723227e-07,0.006103210151195526,movies,p_147
15,3.5458791103337717e-07,0.009379426948726177,movies,p_147
16,9.24540159985554e-08,0.009709537960588932,movies,p_147
17,1.5477510260097915e-06,0.012948556803166866,movies,p_147
18,6.283371021709172e-06,0.005965318065136671,movies,p_147
19,3.2485163501405623e-06,0.00462418282404542,movies,p_147
20,2.4285156996484147e-06,0.01707923412322998,movies,p_147
21,3.0952544420870254e-06,0.03210872784256935,movies,p_147
22,1.4228969575924566e-06,0.12148205190896988,movies,p_147
23,1.7867808992377832e-06,0.6666171550750732,movies,p_147
24,1.8791662341755e-06,0.5318626165390015,movies,p_147
25,2.364285819567158e-06,0.6804028749465942,movies,p_147
26,6.359111466736067e-06,0.42246586084365845,movies,p_147
27,6.7670234784600325e-06,0.318250447511673,movies,p_147
28,1.0075279533339199e-05,0.19756394624710083,movies,p_147
29,9.789539035409689e-06,0.3329044580459595,movies,p_147
30,1.8859078409150243e-05,0.25311389565467834,movies,p_147
31,2.361768201808445e-05,0.08405129611492157,movies,p_147
0,2.0813181436096784e-06,0.01656993106007576,movies,p_148
1,4.853580321650952e-06,0.013624094426631927,movies,p_148
2,2.5942370029952144e-07,0.018182577565312386,movies,p_148
3,8.871067080917783e-08,0.009578251279890537,movies,p_148
4,4.088970229076949e-07,0.012614930979907513,movies,p_148
5,8.273246265844136e-08,0.021012820303440094,movies,p_148
6,4.898234351458086e-07,0.026181448251008987,movies,p_148
7,2.6561423283055774e-07,0.03001578524708748,movies,p_148
8,1.1961529366999457e-07,0.0062813241966068745,movies,p_148
9,1.1729645876812356e-07,0.027034001424908638,movies,p_148
10,8.35252706110623e-07,0.018706822767853737,movies,p_148
11,1.3845043156379688e-07,0.02624579332768917,movies,p_148
12,3.781962334414857e-07,0.012677977792918682,movies,p_148
13,3.8931079870963e-06,0.01007423922419548,movies,p_148
14,8.469766612506646e-07,0.006103210151195526,movies,p_148
15,5.847800252922752e-07,0.009379426948726177,movies,p_148
16,7.602141636198212e-07,0.009709537960588932,movies,p_148
17,9.656332622398622e-07,0.012948556803166866,movies,p_148
18,6.291306249295303e-07,0.005965318065136671,movies,p_148
19,2.39228199916397e-07,0.00462418282404542,movies,p_148
20,9.547270565235522e-07,0.01707923412322998,movies,p_148
21,2.668871729838429e-06,0.03210872784256935,movies,p_148
22,1.8175142031395808e-06,0.12148205190896988,movies,p_148
23,1.035375476021727e-06,0.6666171550750732,movies,p_148
24,1.230035422850051e-06,0.5318626165390015,movies,p_148
25,1.7746378944138996e-06,0.6804028749465942,movies,p_148
26,4.649240509024821e-06,0.42246586084365845,movies,p_148
27,4.8212355068244506e-06,0.318250447511673,movies,p_148
28,1.731991142150946e-05,0.19756394624710083,movies,p_148
29,1.832692578318529e-05,0.3329044580459595,movies,p_148
30,1.1483696653158404e-05,0.25311389565467834,movies,p_148
31,1.8234515664516948e-05,0.08405129611492157,movies,p_148
0,1.1764381042667083e-06,0.01656993106007576,movies,p_149
1,6.702238124489668e-07,0.013624094426631927,movies,p_149
2,2.6160616783954538e-08,0.018182577565312386,movies,p_149
3,4.6555442168028094e-08,0.009578251279890537,movies,p_149
4,2.3796110326657072e-07,0.012614930979907513,movies,p_149
5,1.2617674371995236e-07,0.021012820303440094,movies,p_149
6,4.595230223003455e-07,0.026181448251008987,movies,p_149
7,1.5716557300038403e-07,0.03001578524708748,movies,p_149
8,2.1883185752358258e-07,0.0062813241966068745,movies,p_149
9,1.5913327899852447e-07,0.027034001424908638,movies,p_149
10,3.2489262480339676e-07,0.018706822767853737,movies,p_149
11,5.345258458078206e-08,0.02624579332768917,movies,p_149
12,8.494204735143285e-07,0.012677977792918682,movies,p_149
13,4.5673121462641575e-07,0.01007423922419548,movies,p_149
14,1.3246796015664586e-07,0.006103210151195526,movies,p_149
15,1.9587395172493416e-07,0.009379426948726177,movies,p_149
16,7.050985573187063e-08,0.009709537960588932,movies,p_149
17,1.7539680641220912e-07,0.012948556803166866,movies,p_149
18,3.8816725123069773e-07,0.005965318065136671,movies,p_149
19,6.582199034710356e-07,0.00462418282404542,movies,p_149
20,2.99137752790557e-07,0.01707923412322998,movies,p_149
21,4.0473324247614073e-07,0.03210872784256935,movies,p_149
22,4.0962589764603763e-07,0.12148205190896988,movies,p_149
23,2.1982926057262375e-07,0.6666171550750732,movies,p_149
24,1.602798249678017e-07,0.5318626165390015,movies,p_149
25,2.8718059752463887e-07,0.6804028749465942,movies,p_149
26,4.772641091221885e-07,0.42246586084365845,movies,p_149
27,6.754499395356106e-07,0.318250447511673,movies,p_149
28,9.221094501299376e-07,0.19756394624710083,movies,p_149
29,2.3164343474491034e-06,0.3329044580459595,movies,p_149
30,5.893293291592272e-06,0.25311389565467834,movies,p_149
31,1.014086046779994e-05,0.08405129611492157,movies,p_149
0,2.6774218895297963e-06,0.01656993106007576,movies,p_150
1,7.681200258957688e-06,0.013624094426631927,movies,p_150
2,4.3145269046362955e-06,0.018182577565312386,movies,p_150
3,3.175526444465504e-06,0.009578251279890537,movies,p_150
4,5.8539349083730485e-06,0.012614930979907513,movies,p_150
5,4.772599027091928e-07,0.021012820303440094,movies,p_150
6,2.983992771987687e-06,0.026181448251008987,movies,p_150
7,3.0624519240518566e-06,0.03001578524708748,movies,p_150
8,5.421802143246168e-06,0.0062813241966068745,movies,p_150
9,7.377574547717813e-06,0.027034001424908638,movies,p_150
10,3.3490564419480506e-06,0.018706822767853737,movies,p_150
11,3.837753411062295e-06,0.02624579332768917,movies,p_150
12,8.220776521739026e-07,0.012677977792918682,movies,p_150
13,2.3018501451588236e-06,0.01007423922419548,movies,p_150
14,1.495627230951868e-07,0.006103210151195526,movies,p_150
15,2.2740528038411867e-07,0.009379426948726177,movies,p_150
16,1.0963231034111232e-07,0.009709537960588932,movies,p_150
17,1.1178641443621018e-06,0.012948556803166866,movies,p_150
18,1.069312020263169e-06,0.005965318065136671,movies,p_150
19,1.259481337001489e-06,0.00462418282404542,movies,p_150
20,5.994059392833151e-06,0.01707923412322998,movies,p_150
21,1.546119528939016e-05,0.03210872784256935,movies,p_150
22,1.4002833268023096e-05,0.12148205190896988,movies,p_150
23,3.615352852648357e-06,0.6666171550750732,movies,p_150
24,4.14348278354737e-06,0.5318626165390015,movies,p_150
25,3.3054302548407577e-06,0.6804028749465942,movies,p_150
26,5.057741418568185e-06,0.42246586084365845,movies,p_150
27,1.2405542292981409e-05,0.318250447511673,movies,p_150
28,9.832325304159895e-06,0.19756394624710083,movies,p_150
29,3.8391830457840115e-05,0.3329044580459595,movies,p_150
30,2.9785560400341637e-05,0.25311389565467834,movies,p_150
31,9.812544703891035e-06,0.08405129611492157,movies,p_150
0,2.286977178300731e-06,0.01656993106007576,movies,p_151
1,1.0715252756199334e-06,0.013624094426631927,movies,p_151
2,5.619572007731222e-08,0.018182577565312386,movies,p_151
3,1.5220331306409207e-07,0.009578251279890537,movies,p_151
4,5.57289126845717e-07,0.012614930979907513,movies,p_151
5,9.496180837231805e-07,0.021012820303440094,movies,p_151
6,3.4435984730407654e-07,0.026181448251008987,movies,p_151
7,4.3302577523718355e-07,0.03001578524708748,movies,p_151
8,1.6784055389962305e-07,0.0062813241966068745,movies,p_151
9,2.185421692502132e-07,0.027034001424908638,movies,p_151
10,1.115687879860161e-07,0.018706822767853737,movies,p_151
11,5.997316634420713e-07,0.02624579332768917,movies,p_151
12,2.8182296318846056e-07,0.012677977792918682,movies,p_151
13,6.362452609209868e-08,0.01007423922419548,movies,p_151
14,1.871137698117309e-07,0.006103210151195526,movies,p_151
15,3.352943735990266e-07,0.009379426948726177,movies,p_151
16,6.908951633022298e-08,0.009709537960588932,movies,p_151
17,2.3813017335783115e-08,0.012948556803166866,movies,p_151
18,5.427457239193245e-08,0.005965318065136671,movies,p_151
19,3.125661507397126e-08,0.00462418282404542,movies,p_151
20,4.6301607881105156e-08,0.01707923412322998,movies,p_151
21,5.327264318566449e-08,0.03210872784256935,movies,p_151
22,4.998404889988706e-08,0.12148205190896988,movies,p_151
23,2.655790964922744e-08,0.6666171550750732,movies,p_151
24,7.991648942606844e-08,0.5318626165390015,movies,p_151
25,7.358749343211457e-08,0.6804028749465942,movies,p_151
26,1.281495940474997e-07,0.42246586084365845,movies,p_151
27,1.633772086506724e-07,0.318250447511673,movies,p_151
28,1.04747634566138e-07,0.19756394624710083,movies,p_151
29,1.3310634017216216e-07,0.3329044580459595,movies,p_151
30,4.197553948870336e-07,0.25311389565467834,movies,p_151
31,4.654246481550217e-07,0.08405129611492157,movies,p_151
0,2.292638100698241e-06,0.02049807272851467,movies,p_152
1,6.0412835409806576e-06,0.015931865200400352,movies,p_152
2,1.6963987263807212e-06,0.03453134000301361,movies,p_152
3,1.4070578799874056e-06,0.01466019544750452,movies,p_152
4,1.6637947055642144e-06,0.011287643574178219,movies,p_152
5,4.685022304329323e-06,0.009036713279783726,movies,p_152
6,3.153721627313644e-05,0.032909296452999115,movies,p_152
7,4.677086053561652e-06,0.03220384567975998,movies,p_152
8,1.0066771210404113e-05,0.011158629320561886,movies,p_152
9,5.823766059620539e-06,0.02191816456615925,movies,p_152
10,3.4656770822039107e-06,0.013153989799320698,movies,p_152
11,8.421855454798788e-06,0.010612168349325657,movies,p_152
12,8.47283718030667e-06,0.012994063086807728,movies,p_152
13,1.077901561075123e-05,0.03728099912405014,movies,p_152
14,2.7413132556830533e-05,0.008678184822201729,movies,p_152
15,9.951842366717756e-05,0.01299887616187334,movies,p_152
16,3.8955611671553925e-05,0.009157978929579258,movies,p_152
17,7.64970391173847e-05,0.03075023554265499,movies,p_152
18,1.5017189980426338e-05,0.040812861174345016,movies,p_152
19,3.9870570617495105e-05,0.014732150360941887,movies,p_152
20,4.3340020056348294e-05,0.03111516311764717,movies,p_152
21,6.513540574815124e-05,0.03562483191490173,movies,p_152
22,0.00011081219417974353,0.043990135192871094,movies,p_152
23,6.963329360587522e-05,0.04777718335390091,movies,p_152
24,5.692388367606327e-05,0.04766351729631424,movies,p_152
25,2.7821595722343773e-05,0.04136719927191734,movies,p_152
26,2.7787933504441753e-05,0.033144183456897736,movies,p_152
27,2.285906703036744e-05,0.07320564240217209,movies,p_152
28,3.2438831567560555e-06,0.6899359226226807,movies,p_152
29,1.0272089639329351e-05,0.6750264167785645,movies,p_152
30,7.328081665036734e-06,0.5129664540290833,movies,p_152
31,2.111678213623236e-06,0.1996813267469406,movies,p_152
0,3.259929997057043e-07,0.02049807272851467,movies,p_153
1,1.270449615731195e-06,0.015931865200400352,movies,p_153
2,5.395361313276226e-08,0.03453134000301361,movies,p_153
3,1.4940972903332295e-08,0.01466019544750452,movies,p_153
4,1.216390757008412e-07,0.011287643574178219,movies,p_153
5,2.701882984013082e-08,0.009036713279783726,movies,p_153
6,4.391225161270995e-07,0.032909296452999115,movies,p_153
7,3.365880729688797e-07,0.03220384567975998,movies,p_153
8,1.3952130757388659e-06,0.011158629320561886,movies,p_153
9,3.5712150747713167e-06,0.02191816456615925,movies,p_153
10,1.171241592601291e-06,0.013153989799320698,movies,p_153
11,7.287865173566388e-07,0.010612168349325657,movies,p_153
12,1.673874976404477e-06,0.012994063086807728,movies,p_153
13,1.2486341347539565e-06,0.03728099912405014,movies,p_153
14,4.1395827565793297e-07,0.008678184822201729,movies,p_153
15,4.209585426906415e-07,0.01299887616187334,movies,p_153
16,2.141123474075357e-07,0.009157978929579258,movies,p_153
17,1.2968436635674152e-07,0.03075023554265499,movies,p_153
18,4.2985718096133496e-07,0.040812861174345016,movies,p_153
19,9.501418389845639e-07,0.014732150360941887,movies,p_153
20,9.977719628295745e-07,0.03111516311764717,movies,p_153
21,1.1262494581387728e-06,0.03562483191490173,movies,p_153
22,3.2863331398402806e-06,0.043990135192871094,movies,p_153
23,1.5612325796610094e-06,0.04777718335390091,movies,p_153
24,1.016461283143144e-06,0.04766351729631424,movies,p_153
25,5.375235900828557e-07,0.04136719927191734,movies,p_153
26,1.2089778920199024e-06,0.033144183456897736,movies,p_153
27,8.90060732672282e-07,0.07320564240217209,movies,p_153
28,1.7792100948099687e-07,0.6899359226226807,movies,p_153
29,2.6180191525781993e-07,0.6750264167785645,movies,p_153
30,1.5488618601011694e-06,0.5129664540290833,movies,p_153
31,1.8597971575218253e-05,0.1996813267469406,movies,p_153
0,5.613359803646745e-07,0.02049807272851467,movies,p_154
1,8.390443895223143e-07,0.015931865200400352,movies,p_154
2,1.325767357229779e-06,0.03453134000301361,movies,p_154
3,6.853470608803036e-07,0.01466019544750452,movies,p_154
4,6.366961997628096e-07,0.011287643574178219,movies,p_154
5,4.28430394094903e-06,0.009036713279783726,movies,p_154
6,7.433110567944823e-06,0.032909296452999115,movies,p_154
7,2.171209189327783e-06,0.03220384567975998,movies,p_154
8,8.382018563679594e-07,0.011158629320561886,movies,p_154
9,5.656847406498855e-06,0.02191816456615925,movies,p_154
10,2.3896929633338004e-05,0.013153989799320698,movies,p_154
11,9.22694289329229e-06,0.010612168349325657,movies,p_154
12,8.599783541285433e-06,0.012994063086807728,movies,p_154
13,6.836077318439493e-06,0.03728099912405014,movies,p_154
14,7.304948212549789e-06,0.008678184822201729,movies,p_154
15,1.1909330623893766e-06,0.01299887616187334,movies,p_154
16,1.0878198963837349e-06,0.009157978929579258,movies,p_154
17,2.598346782178851e-06,0.03075023554265499,movies,p_154
18,1.0744989822342177e-06,0.040812861174345016,movies,p_154
19,2.4107851004373515e-07,0.014732150360941887,movies,p_154
20,1.0612251344355172e-07,0.03111516311764717,movies,p_154
21,2.914130163844675e-07,0.03562483191490173,movies,p_154
22,4.573148544295691e-07,0.043990135192871094,movies,p_154
23,3.9035023746691877e-07,0.04777718335390091,movies,p_154
24,9.744348972162697e-07,0.04766351729631424,movies,p_154
25,8.665602990731713e-07,0.04136719927191734,movies,p_154
26,9.62879653343407e-07,0.033144183456897736,movies,p_154
27,1.1717314691850333e-06,0.07320564240217209,movies,p_154
28,1.5535262321009213e-07,0.6899359226226807,movies,p_154
29,1.270020391075377e-07,0.6750264167785645,movies,p_154
30,3.841812485916307e-07,0.5129664540290833,movies,p_154
31,9.21355422178749e-07,0.1996813267469406,movies,p_154
0,8.478050403937232e-06,0.02049807272851467,movies,p_155
1,3.654004558484303e-06,0.015931865200400352,movies,p_155
2,1.0708112085922039e-07,0.03453134000301361,movies,p_155
3,3.594965676256834e-07,0.01466019544750452,movies,p_155
4,1.2959302466697409e-06,0.011287643574178219,movies,p_155
5,1.9863985016854713e-06,0.009036713279783726,movies,p_155
6,1.6432431948487647e-06,0.032909296452999115,movies,p_155
7,5.363531272450928e-07,0.03220384567975998,movies,p_155
8,2.55189775089093e-06,0.011158629320561886,movies,p_155
9,9.692069397715386e-06,0.02191816456615925,movies,p_155
10,3.714460945047904e-06,0.013153989799320698,movies,p_155
11,2.0991303699702257e-06,0.010612168349325657,movies,p_155
12,2.1900218598602805e-06,0.012994063086807728,movies,p_155
13,1.1936784858335159e-06,0.03728099912405014,movies,p_155
14,6.0855068113596644e-06,0.008678184822201729,movies,p_155
15,9.912841051118448e-06,0.01299887616187334,movies,p_155
16,1.6958022115431959e-06,0.009157978929579258,movies,p_155
17,2.928605226770742e-06,0.03075023554265499,movies,p_155
18,1.7654169823799748e-06,0.040812861174345016,movies,p_155
19,2.580197815404972e-06,0.014732150360941887,movies,p_155
20,1.2615486184586189e-06,0.03111516311764717,movies,p_155
21,1.5968048501235899e-06,0.03562483191490173,movies,p_155
22,2.1145035589142935e-06,0.043990135192871094,movies,p_155
23,3.4355716707068495e-06,0.04777718335390091,movies,p_155
24,5.277826858218759e-06,0.04766351729631424,movies,p_155
25,9.196646715281531e-06,0.04136719927191734,movies,p_155
26,9.884310202323832e-06,0.033144183456897736,movies,p_155
27,8.611520570411813e-06,0.07320564240217209,movies,p_155
28,5.562075671150524e-07,0.6899359226226807,movies,p_155
29,8.068389547588595e-07,0.6750264167785645,movies,p_155
30,1.4051413472770946e-06,0.5129664540290833,movies,p_155
31,5.664277068717638e-06,0.1996813267469406,movies,p_155
0,5.559391524911916e-07,0.008838251233100891,movies,p_156
1,1.7081296164178639e-06,0.024123158305883408,movies,p_156
2,3.98530879408554e-08,0.014177354983985424,movies,p_156
3,1.8915919497430878e-08,0.011715954169631004,movies,p_156
4,8.96684397844183e-08,0.009440896101295948,movies,p_156
5,3.663804903908385e-08,0.010675020515918732,movies,p_156
6,6.825936793575238e-08,0.010193947702646255,movies,p_156
7,4.7333717390074526e-08,0.013057108037173748,movies,p_156
8,4.029825362295014e-08,0.020442957058548927,movies,p_156
9,9.682592505555476e-09,0.030338479205965996,movies,p_156
10,6.113925365980322e-09,0.02462674304842949,movies,p_156
11,8.100553117174059e-09,0.02183777652680874,movies,p_156
12,6.090329573993358e-09,0.02161659486591816,movies,p_156
13,5.629887223079777e-09,0.02170141600072384,movies,p_156
14,8.002084328495584e-09,0.021789899095892906,movies,p_156
15,6.354454740176152e-09,0.02073909342288971,movies,p_156
16,1.220982071004073e-08,0.017494386062026024,movies,p_156
17,1.419545441194714e-07,0.010722432285547256,movies,p_156
18,6.620327326345432e-07,0.009644157253205776,movies,p_156
19,6.588423957509804e-07,0.007265190593898296,movies,p_156
20,1.2419644690453424e-06,0.021702386438846588,movies,p_156
21,2.491199211362982e-06,0.044689007103443146,movies,p_156
22,4.134438313485589e-06,0.06924469769001007,movies,p_156
23,4.769627594214398e-06,0.07532056421041489,movies,p_156
24,2.564121132309083e-06,0.05642673745751381,movies,p_156
25,1.5073695749379112e-06,0.04418907314538956,movies,p_156
26,1.4614493011322338e-06,0.05234060436487198,movies,p_156
27,1.3534912568502477e-06,0.1693926900625229,movies,p_156
28,3.880633698827296e-07,0.47124627232551575,movies,p_156
29,1.7967106202831928e-07,0.505126953125,movies,p_156
30,8.382866667488997e-07,0.8377889394760132,movies,p_156
31,4.073041054653004e-06,0.4688992202281952,movies,p_156
0,9.932685998137458e-07,0.01220871414989233,movies,p_157
1,8.384490257640209e-08,0.005509604699909687,movies,p_157
2,3.9023038311825076e-07,0.03323937952518463,movies,p_157
3,2.284987346001799e-07,0.012919104658067226,movies,p_157
4,2.3486327336286195e-06,0.01166661735624075,movies,p_157
5,3.452834562267526e-06,0.011271493509411812,movies,p_157
6,2.6749049197860586e-07,0.012976976111531258,movies,p_157
7,1.4342379017762141e-06,0.0354318842291832,movies,p_157
8,3.53378140971472e-07,0.014927176758646965,movies,p_157
9,9.940789595930255e-07,0.024979446083307266,movies,p_157
10,7.060278335302428e-07,0.012710440903902054,movies,p_157
11,1.1343191772539285e-06,0.0665804073214531,movies,p_157
12,4.98691292705189e-07,0.01818719506263733,movies,p_157
13,3.927636043954408e-06,0.01757889986038208,movies,p_157
14,4.374629952508258e-06,0.016012197360396385,movies,p_157
15,1.0428980203869287e-05,0.012702307663857937,movies,p_157
16,2.869604259103653e-06,0.009636854752898216,movies,p_157
17,1.6982031638690387e-06,0.005154530983418226,movies,p_157
18,1.0473187330717337e-06,0.01039001066237688,movies,p_157
19,1.2805548976757564e-06,0.008283226750791073,movies,p_157
20,1.5844723293412244e-06,0.014478500932455063,movies,p_157
21,2.034568069575471e-06,0.029603952541947365,movies,p_157
22,2.134892156391288e-06,0.04875463619828224,movies,p_157
23,2.501154312994913e-06,0.08526269346475601,movies,p_157
24,1.2128003845646163e-06,0.0856514722108841,movies,p_157
25,1.5582361356791807e-06,0.10206691920757294,movies,p_157
26,1.2955620150023606e-06,0.05116961896419525,movies,p_157
27,1.3673004559677793e-06,0.25261640548706055,movies,p_157
28,2.125648705941785e-07,0.5850557684898376,movies,p_157
29,5.125662028149236e-07,0.6778462529182434,movies,p_157
30,6.610088689740223e-07,0.7750799655914307,movies,p_157
31,4.844015711569227e-05,0.27825838327407837,movies,p_157
0,2.245330733785522e-06,0.02682257443666458,movies,p_158
1,1.95849210626875e-07,0.027278359979391098,movies,p_158
2,7.135741952879471e-08,0.07853555679321289,movies,p_158
3,3.1411325096541987e-08,0.021044110879302025,movies,p_158
4,2.829205243415345e-07,0.013260530307888985,movies,p_158
5,7.371863830485381e-07,0.03422275185585022,movies,p_158
6,1.608317916179658e-06,0.024683736264705658,movies,p_158
7,3.1914984788272704e-07,0.006552159786224365,movies,p_158
8,2.8842927690675424e-07,0.010597752407193184,movies,p_158
9,1.4844563338556327e-06,0.026873882859945297,movies,p_158
10,5.253156132312142e-07,0.021128714084625244,movies,p_158
11,8.730869183182222e-08,0.018050620332360268,movies,p_158
12,2.6870299763004368e-08,0.09462903439998627,movies,p_158
13,1.0720047782797337e-07,0.03193337842822075,movies,p_158
14,5.224522681146482e-08,0.016811903566122055,movies,p_158
15,4.235047867950925e-08,0.006136271171271801,movies,p_158
16,3.833885386939073e-08,0.010944501496851444,movies,p_158
17,1.6979623040924707e-08,0.01562797650694847,movies,p_158
18,1.0849331744111623e-07,0.024969961494207382,movies,p_158
19,5.7576293954753055e-08,0.03986113891005516,movies,p_158
20,2.3578994756690008e-08,0.02968265861272812,movies,p_158
21,4.982541312870126e-08,0.012408834882080555,movies,p_158
22,5.785471657304697e-08,0.1918453425168991,movies,p_158
23,2.1249604742479278e-07,0.12134087085723877,movies,p_158
24,3.5198399928049184e-07,0.11805831640958786,movies,p_158
25,8.255753982666647e-07,0.08268073946237564,movies,p_158
26,6.507521561616159e-07,0.0262416023761034,movies,p_158
27,2.149732836187468e-06,0.04007793217897415,movies,p_158
28,2.59596868090739e-06,0.1591797173023224,movies,p_158
29,2.040637809841428e-06,0.04174748808145523,movies,p_158
30,2.562787358328933e-06,0.37555840611457825,movies,p_158
31,3.0056817195145413e-06,0.15836665034294128,movies,p_158
0,3.0456380955001805e-06,0.01975330524146557,movies,p_159
1,2.0491506802500226e-07,0.03393702581524849,movies,p_159
2,3.800209213977723e-08,0.011166226118803024,movies,p_159
3,1.7824275388989008e-09,0.015368852764368057,movies,p_159
4,1.967680596237642e-08,0.019419267773628235,movies,p_159
5,1.3774549501022193e-08,0.014570224098861217,movies,p_159
6,3.871189946380582e-08,0.011316233314573765,movies,p_159
7,4.990297064466631e-09,0.014495648443698883,movies,p_159
8,1.6492197607576031e-09,0.016266046091914177,movies,p_159
9,2.680128829979367e-08,0.007992270402610302,movies,p_159
10,4.416830279296846e-08,0.04202565178275108,movies,p_159
11,7.052332495760538e-09,0.01661992259323597,movies,p_159
12,9.629074426698025e-09,0.042340025305747986,movies,p_159
13,2.1525442761571867e-08,0.006390872411429882,movies,p_159
14,7.714839433958787e-09,0.03277849033474922,movies,p_159
15,8.37265456965497e-09,0.02092749811708927,movies,p_159
16,4.684074905725311e-09,0.014499599114060402,movies,p_159
17,1.0296766994599693e-08,0.03407193347811699,movies,p_159
18,5.566232275100447e-08,0.009367845021188259,movies,p_159
19,1.7626376802581945e-08,0.030851854011416435,movies,p_159
20,9.913482479362301e-09,0.054318588227033615,movies,p_159
21,3.531421199909346e-08,0.042613204568624496,movies,p_159
22,1.156553111059111e-07,0.05798740312457085,movies,p_159
23,1.227920449764497e-07,0.07052437216043472,movies,p_159
24,1.4820241744928353e-07,0.04852408543229103,movies,p_159
25,3.3553166645106103e-07,0.04684237018227577,movies,p_159
26,3.7970505673001753e-07,0.06886862218379974,movies,p_159
27,6.852042133687064e-07,0.10532750934362411,movies,p_159
28,1.865463588046623e-07,0.5815091133117676,movies,p_159
29,8.930457511269196e-07,0.38781437277793884,movies,p_159
30,1.6429846709797857e-06,0.20636016130447388,movies,p_159
31,5.0566004574648105e-06,0.23526965081691742,movies,p_159
